{
  "simpleSchema": "@reactioncommerce/api-plugin-simple-schema",
  "jobQueue": "@reactioncommerce/api-plugin-job-queue",
  "files": "@reactioncommerce/api-plugin-files",
  "shops": "@reactioncommerce/api-plugin-shops",
  "settings": "@reactioncommerce/api-plugin-settings",
  "sequences": "@reactioncommerce/api-plugin-sequences",
  "i18": "@reactioncommerce/api-plugin-i18n",
  "email": "@reactioncommerce/api-plugin-email",
  "addressValidation": "@reactioncommerce/api-plugin-address-validation",
  "translations": "@reactioncommerce/api-plugin-translations",
  "systemInformation": "@reactioncommerce/api-plugin-system-information",
  "emailSMTP": "@reactioncommerce/api-plugin-email-smtp",
  "emailTemplates": "@reactioncommerce/api-plugin-email-templates",
  "accounts": "@reactioncommerce/api-plugin-accounts",
  "authentication": "@reactioncommerce/api-plugin-authentication",
  "authorization": "@reactioncommerce/api-plugin-authorization-simple",
  "products": "@reactioncommerce/api-plugin-products",
  "catalogs": "@reactioncommerce/api-plugin-catalogs",
  "tags": "@reactioncommerce/api-plugin-tags",
  "pricingSimple": "@reactioncommerce/api-plugin-pricing-simple",
  "inventory": "@reactioncommerce/api-plugin-inventory",
  "inventorySimple": "@reactioncommerce/api-plugin-inventory-simple",
  "carts": "@reactioncommerce/api-plugin-carts",
  "orders": "@reactioncommerce/api-plugin-orders",
  "payments": "@reactioncommerce/api-plugin-payments",
  "paymentsStripeSCA": "@reactioncommerce/api-plugin-payments-stripe-sca",
  "paymentsExample": "@reactioncommerce/api-plugin-payments-example",
  "surcharges": "@reactioncommerce/api-plugin-surcharges",
  "fulfillment": "@reactioncommerce/api-plugin-fulfillment",
  "fulfillmentTypeShipping": "@reactioncommerce/api-plugin-fulfillment-type-shipping",
  "fulfillmentTypePickup": "@reactioncommerce/api-plugin-fulfillment-type-pickup",
  "fulfillmentMethodShippingFlatRate": "@reactioncommerce/api-plugin-fulfillment-method-shipping-flat-rate",
  "fulfillmentMethodShippingDynamicRate": "@reactioncommerce/api-plugin-fulfillment-method-shipping-dynamic-rate",
  "fulfillmentMethodPickupStore": "@reactioncommerce/api-plugin-fulfillment-method-pickup-store",
  "taxes": "@reactioncommerce/api-plugin-taxes",
  "taxesFlatRate": "@reactioncommerce/api-plugin-taxes-flat-rate",
  "navigation": "@reactioncommerce/api-plugin-navigation",
  "sitemapGenerator": "@reactioncommerce/api-plugin-sitemap-generator",
  "notifications": "@reactioncommerce/api-plugin-notifications",
  "addressValidationTest": "@reactioncommerce/api-plugin-address-validation-test",
  "promotions": "@reactioncommerce/api-plugin-promotions",
  "promotionsCoupons": "@reactioncommerce/api-plugin-promotions-coupons",
  "promotionsDiscounts": "@reactioncommerce/api-plugin-promotions-discounts",
  "promotionsOffers": "@reactioncommerce/api-plugin-promotions-offers",
  "bullJobQueue": "@reactioncommerce/api-plugin-bull-queue"
}
