<?xml version="1.0" encoding="UTF-8"?>
<java version="1.4.1_01" class="java.beans.XMLDecoder">
 <object class="sync4j.server.admin.DBUserManager">
  <void property="jndiDataSourceName">
    <string>java:/jdbc/sync4j</string>
  </void>
  <void property="sql">
   <array class="java.lang.String" length="12">
    <!-- SQL_SELECT_ROLES -->
    <void index="0">
     <string>select role, description from spss_roles</string>
    </void>
    <!-- SQL_SELECT_USERS -->
    <void index="1">
     <string>select username, password, email, first_name, last_name from sync4j_user</string>
    </void>
    <!-- SQL_SELECT_USER_ROLES -->
    <void index="2">
     <string>select role from spss_user_roles where username=?</string>
    </void>
    <!-- SQL_UPDATE_USER -->
    <void index="3">
     <string>update sync4j_user set password=?, email=?, first_name=?, last_name=?  where username=?</string>
    </void>
    <!-- SQL_INSERT_USER -->
    <void index="4">
     <string>insert into sync4j_user(username, password, email, first_name, last_name, internal_user) values(?,?,?,?,?,?)</string>
    </void>
    <!-- SQL_DELETE_USER -->
    <void index="5">
     <string>delete from sync4j_user where username=?</string>
    </void>
    <!-- SQL_DELETE_USER_ROLES -->
    <void index="6">
     <string>delete from spss_user_roles where username=?</string>
    </void>
    <!-- SQL_INSERT_USER_ROLES -->
    <void index="7">
     <string>insert into spss_user_roles(role, username) values(?,?)</string>
    </void>
    <!-- SQL_DELETE_PRINCIPAL -->
    <void index="8">
     <string>delete from sync4j_principal where username=?</string>
    </void>
    <!-- SQL_SELECT_USER_PRINCIPALS -->
    <void index="9">
     <string>select id from sync4j_principal where username=?</string>
    </void>
    <!-- SQL_DELETE_CLIENT_MAPPING -->
    <void index="10">
     <string>delete from sync4j_client_mapping where principal=?</string>
    </void>
    <!-- SQL_DELETE_LAST_SYNC -->
    <void index="11">
     <string>delete from sync4j_last_sync where principal=?</string>
    </void>
   </array>
  </void>
 </object>
</java>
