<?xml version="1.0" encoding="UTF-8"?>
<java version="1.4.1_01" class="java.beans.XMLDecoder">
 <object class="sync4j.server.store.EnginePersistentStore">
  <void property="sql">
   <array class="java.lang.String" length="25">
    <!-- SQL_INSERT_PRINCIPAL -->
    <void index="0">
     <string>insert into sync4j_principal (id, username, device) values(?,?,?)</string>
    </void>    
    <!-- SQL_GET_PRINCIPAL -->
    <void index="1">
     <string>select sp.id, sp.username, sp.device, su.email, su.first_name, su.last_name from sync4j_principal sp, sync4j_user su where sp.id=? and sp.username = su.username</string>
    </void>
    <!-- SQL_SELECT_PRINCIPAL -->
    <void index="2">
     <string>select sp.id, sp.username, sp.device, su.email, su.first_name, su.last_name from sync4j_principal sp, sync4j_user su where sp.username=? and sp.device=? and sp.username = su.username</string>
    </void>
    <!-- SQL_UPDATE_PRINCIPAL -->
    <void index="3">
     <string>update sync4j_principal set username=?, device=? where id=?</string>
    </void>
    <!-- SQL_SELECT_ALL_PRINCIPALS -->
    <void index="4">
     <string>select id, username, device from sync4j_principal</string>
    </void>
    <!-- SQL_INSERT_SOURCE -->
    <void index="5">
     <string>insert into sync4j_sync_source (uri, config) values(?,?)</string>
    </void>
    <!-- SQL_GET_SOURCE -->
    <void index="6">
     <string>select uri, config from sync4j_sync_source where uri=?</string>
    </void>
    <!-- SQL_UPDATE_SOURCE -->
    <void index="7">
     <string>update sync4j_sync_source set config=? where uri=?</string>
    </void>
    <!-- SQL_SELECT_ALL_SOURCES -->
    <void index="8">
     <string>select uri, config from sync4j_sync_source</string>
    </void>
    <!-- SQL_SELECT_ALL_DEVICES -->
    <void index="9">
     <string>select id, description, type from sync4j_device</string>
    </void>
    <!-- SQL_GET_DEVICE -->
    <void index="10">
     <string>select description, type from sync4j_device where id=?</string>
    </void>
    <!-- SQL_INSERT_DEVICE -->
    <void index="11">
     <string>insert into sync4j_device (id, description, type) values(?,?,?)</string>
    </void>
    <!-- SQL_UPDATE_DEVICE -->
    <void index="12">
     <string>update sync4j_device set description=?, type=? where id=?</string>
    </void>
    <!-- SQL_DELETE_DEVICE -->
    <void index="13">
     <string>delete from sync4j_device where id=?</string>
    </void>
    <!-- SQL_DELETE_DEVICE_PRINCIPAL -->
    <void index="14">
     <string>delete from sync4j_principal where device=?</string>
    </void>
    <!-- SQL_DELETE_PRINCIPAL -->
    <void index="15">
     <string>delete from sync4j_principal where id=?</string>
    </void>
    <!-- SQL_DELETE_CLIENT_MAPPING -->
    <void index="16">
     <string>delete from sync4j_client_mapping where principal=?</string>
    </void>
    <!-- SQL_DELETE_LAST_SYNC -->
    <void index="17">
     <string>delete from sync4j_last_sync where principal=?</string>
    </void>
    <!-- SQL_GET_COUNTER -->
    <void index="18">
      <string>select counter from sync4j_id where idspace=? for update</string>
    </void>
    <!-- SQL_UPDATE_COUNTER -->
    <void index="19">
     <string>update sync4j_id set counter=? where idspace=?</string>
    </void>
    <!-- SQL_DELETE_SOURCE -->
    <void index="20">
     <string>delete from sync4j_sync_source where uri=?</string>
    </void>
    <!-- SQL_INSERT_SYNCSOURCE -->
    <void index="21">
     <string>insert into sync4j_sync_source values(?,?,?,?)</string>
    </void>
    <!-- SQL_UPDATE_SYNCSOURCE -->
    <void index="22">
     <string>update sync4j_sync_source set config=?, name=?, sourcetype=? where uri=?</string>
    </void>
    <!-- SQL_DELETE_SOURCE_CLIENT_MAPPING -->
    <void index="23">
     <string>delete from sync4j_client_mapping where sync_source=?</string>
    </void>
    <!-- SQL_DELETE_SOURCE_LAST_SYNC -->
    <void index="24">
     <string>delete from sync4j_last_sync where sync_source=?</string>
    </void>
   </array>
  </void>
 </object>
</java>



