<?xml version="1.0" encoding="UTF-8"?>
<java version="1.4.1_01" class="java.beans.XMLDecoder">
 <object class="sync4j.framework.server.store.PersistentStoreManager">
  <void property="jndiDataSourceName">
   <string>java:/jdbc/sync4j</string>
  </void>
  <void property="stores">
   <array class="java.lang.String" length="2">
    <void index="0">
     <string>sync4j.server.store.SyncPersistentStore</string>
    </void>
    <void index="1">
     <string>/sync4j/server/store/EnginePersistentStore.xml</string>
    </void>
   </array>
  </void>
 </object>
</java>