[
  {
    "title": "Integrations",
    "sidebarRoot": true,
    "_path": "/integrations",
    "icon": "fluent:puzzle-cube-piece-20-filled",
    "children": [
      {
        "title": "All Integrations",
        "_path": "/integrations"
      },
      {
        "title": "Guide",
        "children": [
          {
            "title": "What is an Integration?",
            "_path": "/integrations/guide/what-is-an-integration"
          }
        ]
      },
      {
        "title": "Custom Integrations",
        "children": [
          {
            "title": "Creating a Custom Integration",
            "_path": "/integrations/custom/quick-start"
          },
          {
            "title": "Building an API Client",
            "_path": "/integrations/custom/api-client"
          },
          {
            "title": "Building an SDK Module",
            "_path": "/integrations/custom/sdk-module"
          }
        ]
      }
    ]
  }
]
