[
  {
    "description": "Account managers acting on all entities.",
    "subjects": [ "reaction:groups:shop-managers" ],
    "resources": [ "reaction:legacy:accounts" ],
    "actions": [
      "read:admin-accounts"
    ],
    "effect": "allow"
  },
  {
    "description": "Account managers acting on all entities.",
    "subjects": [ "reaction:groups:account-managers" ],
    "resources": [ "reaction:legacy:accounts" ],
    "actions": [
      "create",
      "delete",
      "read"
    ],
    "effect": "allow"
  },
  {
    "description": "Account managers acting on specific entities.",
    "subjects": [ "reaction:groups:account-managers" ],
    "resources": [ "reaction:legacy:accounts:*" ],
    "actions": [
      "add:address-books",
      "add:emails",
      "update:emails",
      "delete:emails",
      "read",
      "remove:address-books",
      "update",
      "update:address-books",
      "update:currency",
      "update:language"
    ],
    "effect": "allow"
  },
  {
    "description": "Account owner acting on their account.",
    "subjects": [ "reaction:users:*" ],
    "resources": [ "reaction:legacy:accounts:*" ],
    "actions": [
      "add:address-books",
      "add:emails",
      "update:emails",
      "delete:emails",
      "read",
      "remove:address-books",
      "update",
      "update:address-books",
      "update:currency",
      "update:language"
    ],
    "effect": "allow",
    "conditions": {
      "owner": {
        "type": "EqualsSubjectCondition",
        "options": {}
      }
    }
  },
  {
    "description": "Account group managers acting on all entities.",
    "subjects": [ "reaction:groups:group-managers" ],
    "resources": [ "reaction:legacy:groups" ],
    "actions": [
      "create",
      "read"
    ],
    "effect": "allow"
  },
  {
    "description": "Account croup managers acting on specific entities.",
    "subjects": [ "reaction:groups:group-managers" ],
    "resources": [ "reaction:legacy:groups:*" ],
    "actions": [
      "read",
      "update",
      "delete",
      "manage:accounts"
    ],
    "effect": "allow"
  },
  {
    "description": "Shop managers getting admin UI grant/revoke permissions.",
    "subjects": ["reaction:groups:shop-managers"],
    "resources": ["reaction:plugin-admin-ui:admin-ui-access-permissions:*"],
    "actions": [
      "update"
    ],
    "effect": "allow"
  }
]
