<?xml version="1.0" encoding="UTF-8"?>

<!--                                                                               -->
<!-- $Id: sun-j2ee-1_3-runtime-dd.xml,v 1.10 2003/02/14 14:04:22 stefano_fornari Exp $       -->
<!--                                                                               -->

<!DOCTYPE j2ee-ri-specific-information PUBLIC '-//Sun Microsystems Inc.//DTD J2EE Reference Implementation 1.3//EN' 'http://localhost:8500/sun-j2ee-ri_1_3.dtd'>

<j2ee-ri-specific-information>
  <server-name></server-name>
  <rolemapping />
    <web>
        <module-name>sync4j-server.war</module-name>
        <context-root>sync4j</context-root>
        <ejb-ref>
          <ejb-ref-name>ejb/SyncBean</ejb-ref-name>
          <jndi-name>ejb/SyncBean</jndi-name>
        </ejb-ref>
    </web>
  <enterprise-beans>
    <module-name>sync4j-server.jar</module-name>
    <unique-id>0</unique-id>

    <!--
        No need to give different JNDI name for local interface
        and remote interface; still the same EJB.
        Worse still, it causes error when trying to refer the
        same EJB in the ISyncRemoteHome case
    -->
    <ejb>
      <ejb-name>SyncBean</ejb-name>
      <jndi-name>ejb/SyncBean</jndi-name>
      <resource-ref>
        <res-ref-name>jdbc/sync4j</res-ref-name>
        <jndi-name>jdbc/sync4j</jndi-name>
        <default-resource-principal>
          <name>sync4j</name>
          <password>sync4j</password>
        </default-resource-principal>
      </resource-ref>
      <gen-classes />
    </ejb>
  </enterprise-beans>

</j2ee-ri-specific-information>
