<?xml version="1.0" encoding="UTF-8"?>

<!--                                                               -->
<!-- $Id: ejb-jar.xml,v 1.16 2004/04/14 15:46:06 luigia Exp $       -->
<!--                                                               -->

<!DOCTYPE ejb-jar PUBLIC "-//Sun Microsystems, Inc.//DTD Enterprise JavaBeans 2.0//EN" "http://java.sun.com/dtd/ejb-jar_2_0.dtd">

<ejb-jar>
  <description>Sync4j Server</description>
  <display-name>Sync4j Server</display-name>
  <enterprise-beans>

    <!-- SyncBean -->
    <session>
      <description>Sync4j processing bean</description>
      <display-name>SyncBean</display-name>
      <ejb-name>SyncBean</ejb-name>
      <home>sync4j.server.syncbean.SyncHomeRemote</home>
      <remote>sync4j.server.syncbean.SyncRemote</remote>
      <local-home>sync4j.server.syncbean.SyncHomeLocal</local-home>
      <local>sync4j.server.syncbean.SyncLocal</local>
      <ejb-class>sync4j.server.syncbean.SyncBean</ejb-class>
      <session-type>Stateful</session-type>
      <transaction-type>Container</transaction-type>
      <env-entry>
        <env-entry-name>syncengine/factory/bean</env-entry-name>
        <env-entry-type>java.lang.String</env-entry-type>
        <env-entry-value>sync4j.server.engine.Sync4jEngineFactory</env-entry-value>
      </env-entry>
      <env-entry>
        <env-entry-name>server/config_uri</env-entry-name>
        <env-entry-type>java.lang.String</env-entry-type>
        <env-entry-value>{sync4j-path}/config/Sync4j.properties</env-entry-value>
      </env-entry>
      <env-entry>
        <env-entry-name>server/config_path</env-entry-name>
        <env-entry-type>java.lang.String</env-entry-type>
        <env-entry-value>{sync4j-path}/config/</env-entry-value><!-- NOTE: make sure it ends with a / -->
      </env-entry>
      <ejb-ref>
        <ejb-ref-name>ejb/ManagementBean</ejb-ref-name>
        <ejb-ref-type>Stateful</ejb-ref-type>
        <local-home>sync4j.server.admin.ejb.ManagementHomeLocal</local-home>
        <local>sync4j.server.admin.ejb.ManagementLocal</local>
        <home>sync4j.server.admin.ejb.ManagementHomeRemote</home>
        <remote>sync4j.server.admin.ejb.ManagementRemote</remote>
        <ejb-link>ManagementBean</ejb-link>
      </ejb-ref>

      <security-identity>
        <description></description>
        <use-caller-identity></use-caller-identity>
      </security-identity>
      <resource-ref>
        <description>The Sync4j DataSource</description>
        <res-ref-name>jdbc/sync4j</res-ref-name>
        <res-type>javax.sql.DataSource</res-type>
        <res-auth>Container</res-auth>
      </resource-ref>
    </session>


    <!-- ManagementBean -->
    <session>
      <description>Sync4j Management bean</description>
      <display-name>Sync4j Management Bean</display-name>
      <ejb-name>ManagementBean</ejb-name>
      <home>sync4j.server.admin.ejb.ManagementHomeRemote</home>
      <remote>sync4j.server.admin.ejb.ManagementRemote</remote>
      <local-home>sync4j.server.admin.ejb.ManagementHomeLocal</local-home>
      <local>sync4j.server.admin.ejb.ManagementLocal</local>
      <ejb-class>sync4j.server.admin.ejb.ManagementBean</ejb-class>
      <session-type>Stateful</session-type>
      <transaction-type>Container</transaction-type>
      <env-entry>
        <env-entry-name>server/config_uri</env-entry-name>
        <env-entry-type>java.lang.String</env-entry-type>
        <env-entry-value>{sync4j-path}/config/Sync4j.properties</env-entry-value>
      </env-entry>
      <env-entry>
        <env-entry-name>server/config_path</env-entry-name>
        <env-entry-type>java.lang.String</env-entry-type>
        <env-entry-value>{sync4j-path}/config/</env-entry-value><!-- NOTE: make sure it ends with a / -->
      </env-entry>
      <security-identity>
        <description></description>
        <use-caller-identity></use-caller-identity>
      </security-identity>
      <resource-ref>
        <description>The Sync4j DataSource</description>
        <res-ref-name>jdbc/sync4j</res-ref-name>
        <res-type>javax.sql.DataSource</res-type>
        <res-auth>Container</res-auth>
      </resource-ref>
    </session>

  </enterprise-beans>

  <assembly-descriptor>

    <security-role>
      <role-name>sync_user</role-name>
    </security-role>

    <security-role>
      <role-name>sync_administrator</role-name>
    </security-role>

    <security-role>
      <role-name>special_sync_admin</role-name>
    </security-role>

    <method-permission>
      <role-name>sync_administrator</role-name>
      <role-name>special_sync_admin</role-name>
      <method>
        <ejb-name>ManagementBean</ejb-name>
        <method-name>*</method-name>
      </method>
    </method-permission>

    <method-permission>
      <role-name>sync_user</role-name>
      <role-name>sync_administrator</role-name>
      <role-name>special_sync_admin</role-name>
      <method>
        <ejb-name>SyncBean</ejb-name>
        <method-name>*</method-name>
      </method>
    </method-permission>

    <container-transaction>
      <description></description>
      <method>
        <ejb-name>ManagementBean</ejb-name>
        <method-name>*</method-name>
      </method>
      <trans-attribute>Required</trans-attribute>
    </container-transaction>

    <container-transaction>
      <description></description>
      <method>
        <ejb-name>SyncBean</ejb-name>
        <method-name>*</method-name>
      </method>
      <trans-attribute>Required</trans-attribute>
    </container-transaction>

  </assembly-descriptor>

</ejb-jar>
