<?xml version="1.0" encoding="UTF-8"?>

<!--                                                               -->
<!-- $Id: application.xml,v 1.5 2004/04/13 17:35:01 luigia Exp $       -->
<!--                                                               -->


<!DOCTYPE application PUBLIC '-//Sun Microsystems, Inc.//DTD J2EE Application 1.3//EN' 'http://java.sun.com/dtd/application_1_3.dtd'>

<application>
  <display-name>Sync4j Server enterprise application</display-name>
  <description>a data synchronization server</description>
  <module>
    <ejb>sync4j-server.jar</ejb>
  </module>
  <module>
    <web>
	<web-uri>sync4j-server.war</web-uri>
	<context-root>/sync4j</context-root>
    </web>
  </module>
</application>
