<?xml version="1.0" encoding="UTF-8"?>

<!--                                                               -->
<!-- $Id: testApplication.xml,v 1.1 2002/02/27 01:50:01 sso Exp $       -->
<!--                                                               -->


<!DOCTYPE application PUBLIC '-//Sun Microsystems, Inc.//DTD J2EE Application 1.3//EN' 'http://java.sun.com/dtd/application_1_3.dtd'>

<application>
  <display-name>Sync4j EJB Testing Application</display-name>
  <description>Testing EJBs in Sync4j</description>
  <module>
    <web>
	<web-uri>sync4j-test.war</web-uri>
	<context-root>sync4jTest</context-root>
    </web>
  </module>
</application>
