[
  {
    "title": "Home",
    "_path": "/",
    "icon": "ri:home-2-fill"
  },
  {
    "title": "Getting Started",
    "_path": "/general",
    "icon": "ri:book-2-fill",
    "sidebarRoot": true
  },
  {
    "title": "Cookbook",
    "_path": "/cookbook",
    "icon": "ri:book-2-fill"
  },
  {
    "title": "SDK",
    "_path": "/sdk",
    "sidebarSection": "Connect",
    "icon": "ri:terminal-box-fill",
    "sidebarRoot": true
  },
  {
    "title": "Middleware",
    "_path": "/middleware",
    "icon": "fa6-solid:layer-group",
    "sidebarRoot": true
  },
  {
    "title": "Integrations",
    "_path": "/integrations",
    "icon": "fluent:puzzle-cube-piece-20-filled",
    "sidebarRoot": true
  },
  {
    "title": "Storefront",
    "_path": "/storefront",
    "sidebarSection": "Build",
    "icon": "material-symbols:storefront",
    "sidebarRoot": true
  },
  {
    "title": "Storefront UI",
    "_path": "https://docs.storefrontui.io",
    "icon": "IconStorefrontUi",
    "sidebarRoot": true
  },
  {
    "sidebarSection": "Deploy",
    "title": "Cloud",
    "_path": "/cloud",
    "icon": "material-symbols:cloud",
    "sidebarRoot": true
  },
  {
    "title": "Console",
    "_path": "/console",
    "icon": "material-symbols:frame-inspect",
    "sidebarRoot": true
  },
  {
    "sidebarSection": "Community",
    "title": "Contributing",
    "_path": "/contributing",
    "icon": "clarity:group-solid",
    "sidebarRoot": true
  },
  {
    "title": "Enterprise",
    "_path": "/enterprise",
    "icon": "clarity:group-solid"
  }
]
